Alameda,Oakland Unified School,Achieve Academy,School Address,School City,State,Zip
Alameda,Oakland Unified School,Acorn Woodland Elementry,School Address,School City,State,Zip
Alameda,Oakland Unified School,Allendale Elementary School,School Address,School City,State,Zip
Alameda,Oakland Unified School,Alliance Academy,School Address,School City,State,Zip
Alameda,Oakland Unified School,Alternative Learning Community,School Address,School City,State,Zip
Alameda,Oakland Unified School,Ascend,School Address,School City,State,Zip
Alameda,Oakland Unified School,Laurel Elementary School,School Address,School City,State,Zip
Alameda,Oakland Unified School,Lazear Elementary School,School Address,School City,State,Zip
Santa Clara,Unified School District,Bowers Elemntary School,School Address,School City,State,Zip
Santa Clara,Unified School District,Hughes Elementray School,School Address,School City,State,Zip
Santa Clara,Unified School District,Braly Elementray School,School Address,School City,State,Zip
Santa Clara,Unified School District,Mayne Elementary School,School Address,School City,State,Zip
Santa Clara,Unified School District,Montague Elementary School,School Address,School City,State,Zip
Santa Clara,Unified School District,Montague Elementary School,School Address,School City,State,Zip
Santa Clara,Unified School District,Pomeroy Elementary School,School Address,School City,State,Zip
Santa Clara,Unified School District,Sutter Elementary School,School Address,School City,State,Zip
San Mateo,Foster City School District,Abbott Middle School,School Address,School City,State,Zip
San Mateo,Foster City School District,Baywood Elementary,School Address,School City,State,Zip
San Mateo,Foster City School District,Foster City Elementary,School Address,School City,State,Zip
San Mateo,Foster City School District,Highlands Elementary,School Address,School City,State,Zip
San Mateo,Foster City School District,San Mateo Park Elementary,School Address,School City,State,Zip
San Mateo,Foster City School District,Parkside Elementary,School Address,School City,State,Zip
San Mateo,Foster City School District,Sunnybrae Elementary,School Address,School City,State,Zip
San Francisco,South San Francisco Unified,El Camino High School,School Address,School City,State,Zip
San Francisco,South San Francisco Unified,South San Francisco High School,School Address,School City,State,Zip
San Francisco,South San Francisco Unified,Baden High School,School Address,School City,State,Zip
San Francisco,South San Francisco Unified,Alta Loma Middle School,School Address,School City,State,Zip
San Francisco,South San Francisco Unified,Parkway Heights Middle School,School Address,School City,State,Zip
San Francisco,South San Francisco Unified,Westborough Middle School,School Address,School City,State,Zip
San Francisco,South San Francisco Unified,Buri Buri Elementary School,School Address,School City,State,Zip
San Francisco,South San Francisco Unified,Skyline Elementary School,School Address,School City,State,Zip
